,state_abv,year,Administered,Administered Janssen,Administered Moderna,Administered Pfizer,Administered Novavax,Administered Unknown,Population 2020,Population 2021,Population 2022,Population 2023,Administered % of 2020,Administered Janssen % of 2020,Administered Moderna % of 2020,Administered Pfizer % of 2020,Administered Novavax % of 2020,Administered Unknown % of 2020,Administered % of 2021,Administered Janssen % of 2021,Administered Moderna % of 2021,Administered Pfizer % of 2021,Administered Novavax % of 2021,Administered Unknown % of 2021,Administered % of 2022,Administered Janssen % of 2022,Administered Moderna % of 2022,Administered Pfizer % of 2022,Administered Novavax % of 2022,Administered Unknown % of 2022,Administered % of 2023,Administered Janssen % of 2023,Administered Moderna % of 2023,Administered Pfizer % of 2023,Administered Novavax % of 2023,Administered Unknown % of 2023
0,AK,2022,114091.0,328.0,40201.0,73192.0,246.0,124.0,16125208.0,16168306.0,16132072.0,16134932.0,0.7075319586575255,0.0020340822890470623,0.2493053112865273,0.45389802103637983,0.0015255617167852966,0.0007689823287860846,0.7056459718167135,0.002028660269047357,0.24864076669503907,0.4526881171101042,0.0015214952017855179,0.0007669325407374155,0.7072309124333191,0.002033216811826776,0.24919923491539092,0.45370489296105304,0.001524912608870082,0.0007686551361784153,0.7071055521027296,0.0020328564136495894,0.24915506306441207,0.45362447142634377,0.0015246423102371922,0.00076851888808704
1,AK,2023,24266.0,87.0,-29409.0,-49925.0,93.0,160.0,13926316.0,13963537.0,13932244.0,13934714.0,0.17424565118298335,0.0006247165438440432,-0.2111757337690743,-0.3584939477174007,0.0006678004434194945,0.0011489039886787003,0.1737811845236633,0.0006230513085617203,-0.21061282682174293,-0.35753835149360796,0.0006660203643245976,0.0011458414870100606,0.17417151178230872,0.0006244507345693918,-0.21108588106840503,-0.3583414129123779,0.0006675163024707291,0.0011484151440356628,0.17414063898261564,0.0006243400474527142,-0.21104846500617092,-0.35827789504685925,0.0006673979817597979,0.0011482115815222328
2,AL,2022,440804.0,1494.0,170339.0,268191.0,601.0,179.0,110701008.0,111108360.0,111625866.0,112386296.0,0.39819330281075666,0.0013495812070654317,0.15387303429070853,0.2422660866827879,0.000542903818906509,0.00016169681128829467,0.39673342311955645,0.0013446332931203377,0.1533088959282632,0.24137787651622253,0.000540913393015611,0.00016110398893476603,0.3948941368123406,0.0013383994709613273,0.1525981442329863,0.2402588303323891,0.0005384056774081377,0.00016035709859576813,0.39222219762452176,0.001329343570500802,0.15156563216568683,0.23863318709249037,0.0005347627080796399,0.0001592720877641523
3,AL,2023,88457.0,233.0,-120221.0,-174464.0,196.0,95.0,95605416.0,95957220.0,96404157.0,97060892.0,0.09252300099818613,0.00024371004253566556,-0.1257470601874689,-0.1824833856692805,0.00020500930616734097,9.936675554029282e-05,0.09218378773374218,0.00024281653845328156,-0.12528603892442905,-0.1818143543549928,0.000204257688999327,9.90024513006942e-05,0.0917564166864713,0.00024169082252334823,-0.12470520332437532,-0.18097144918761127,0.0002033107348265075,9.854346841080722e-05,0.09113557291437215,0.00024005549011439127,-0.12386142093151174,-0.1797469571987861,0.00020193509039665531,9.787670197797069e-05
4,AR,2022,407704.0,1205.0,164683.0,238074.0,3159.0,583.0,66315656.0,66625746.0,67020888.0,67490104.0,0.614792983424608,0.0018170671492716592,0.24833200775394576,0.35900119875161907,0.004763581016223379,0.000879128753548031,0.6119316097413754,0.00180861014299187,0.2471762192351287,0.3573303329316568,0.0047414103250716325,0.0008750371065263569,0.6083237810874723,0.001797946932604056,0.24571891676517327,0.35522358342969135,0.004713455900494783,0.0008698780595088504,0.6040944906530297,0.0017854469449328453,0.2440105885745857,0.3527539385626076,0.004680686223272081,0.0008638303476314097
5,AR,2023,70097.0,348.0,-116614.0,-154390.0,214.0,368.0,57272612.0,57540417.0,57881676.0,58286908.0,0.12239183363943659,0.0006076202705754017,-0.2036121558416089,-0.26957038383372495,0.00037365154569866656,0.0006425409757808846,0.12182219673520962,0.000604792280181077,-0.202664502761598,-0.26831574752056453,0.0003719124941343404,0.0006395504572029779,0.12110395697595211,0.0006012265436128697,-0.20146963263468734,-0.26673381054135337,0.000369719771072282,0.0006357797932457934,0.1202619977714378,0.0005970465957809943,-0.20006894172530132,-0.2648793790880106,0.00036714934338256543,0.0006313596185270284
6,AZ,2022,1525266.0,9067.0,530670.0,973833.0,1399.0,10297.0,158107026.0,159994714.0,162045048.0,163489568.0,0.9647047563844506,0.005734723009716216,0.3356397330501935,0.6159327796096803,0.0008848436627983883,0.00651267705206219,0.9533227454002011,0.005667062225568277,0.3316797078683487,0.6086657337941803,0.0008744038881184537,0.006435837623985502,0.9412604820852039,0.0055953576563475115,0.3274830095394214,0.6009643688710562,0.0008633401743939747,0.0063544058439848165,0.9329439294866814,0.0055459196026501215,0.3245895175403485,0.5956545190699875,0.0008557120904497098,0.006298261183245648
7,AZ,2023,344917.0,3779.0,-326519.0,-530907.0,896.0,10114.0,136546977.0,138177253.0,139947996.0,141195536.0,0.2525995137922387,0.0027675457069986985,-0.2391257625571601,-0.3888090470139079,0.0006561844280155686,0.007406974670702523,0.24961923363753655,0.0027348929856059593,-0.23630445164516337,-0.3842217068825359,0.0006484424755498649,0.007319583926017113,0.24646083535201177,0.002700288755831845,-0.2333145234891395,-0.37936020177094926,0.0006402378209117049,0.007226970223996634,0.24428321869892541,0.002676430223686392,-0.23125306171152604,-0.3760083463261898,0.0006345809686221242,0.007163115978397504
8,CA,2022,7740358.0,-8182.0,2789696.0,4953917.0,7913.0,-2986.0,869070400.0,861191320.0,858893552.0,857234246.0,0.8906479843290026,-0.0009414657316599437,0.32099770053151044,0.5700248219246681,0.0009105131183848857,-0.00034358551390083013,0.8987965647401092,-0.0009500792460379187,0.32393452363175235,0.5752400059025211,0.0009188434458442986,-0.0003467289939708171,0.9012010838800661,-0.0009526209599487131,0.32480113437852426,0.5767789254517538,0.000921301595706938,-0.00034765658597003883,0.9029454943170808,-0.000954464901300735,0.3254298358957535,0.5778953679365721,0.0009230849137121384,-0.00034832952765631814
9,CA,2023,1883839.0,3907.0,-2442291.0,-4021306.0,2601.0,433.0,750560800.0,743756140.0,741771704.0,740338667.0,0.25099085910162106,0.0005205441051544391,-0.3253954909449041,-0.5357735176150953,0.0003465408798327864,5.7690196450440786e-05,0.2532871863081359,0.0005253065877210775,-0.3283725496370356,-0.540675334794547,0.0003497113986850583,5.821800677840455e-05,0.25396479669437483,0.0005267119221360863,-0.32925103328018024,-0.5421217846832291,0.00035064696940771955,5.837375538390718e-05,0.254456383810627,0.0005277314523948808,-0.3298883482469787,-0.5431711430520216,0.00035132569943155487,5.8486746579724436e-05
10,CO,2022,1466947.0,3151.0,438371.0,1017049.0,1714.0,6662.0,127274818.0,127855112.0,128502858.0,129307420.0,1.1525822806519355,0.0024757450448681844,0.3444286991634119,0.7990968016941105,0.0013466921634097328,0.005234342586135146,1.1473510734557097,0.0024645084194990967,0.34286544600578817,0.7954699535205131,0.0013405799527202323,0.0052105855571891405,1.14156760622398,0.002452085540385413,0.34113715976651665,0.7914602179509502,0.001333822474205204,0.005184320491922445,1.1344646734116264,0.0024368284511437936,0.3390145747243275,0.786535683721785,0.001325523314903352,0.005152063199466821
11,CO,2023,268347.0,1315.0,-312971.0,-760099.0,629.0,2787.0,109919161.0,110420324.0,110979741.0,111674590.0,0.244131230222909,0.0011963337311135407,-0.28472833776451406,-0.6915072796088755,0.0005722387200535491,0.0025354997023676333,0.24302319562112495,0.0011909039498924129,-0.2834360457047744,-0.6883687463188389,0.0005696415091120362,0.0025239918694677983,0.2417981854904491,0.001184900945119344,-0.2820073260037614,-0.6848988771743485,0.0005667701098707736,0.002511269151367005,0.2402936961756475,0.001177528388508075,-0.28025265192377247,-0.6806373768643341,0.0005632436170126077,0.002495643816556658
12,CT,2022,925182.0,1364.0,375687.0,547472.0,626.0,33.0,78706892.0,79281202.0,79391532.0,79577872.0,1.175477745964102,0.0017330121484151605,0.47732414589563515,0.6955833041914551,0.0007953560153283654,4.192771326810872e-05,1.1669626300569964,0.0017204582745856958,0.47386642800900014,0.690544525296173,0.0007895944867233471,4.162399051417006e-05,1.165340908146224,0.0017180673626502132,0.4732078982932336,0.6895848791531067,0.0007884971913629277,4.1566145870569673e-05,1.1626121392137754,0.0017140443262921132,0.47209983197339084,0.6879701432579147,0.0007866508418320109,4.1468814345776925e-05
13,CT,2023,157464.0,328.0,-320536.0,-446164.0,116.0,83.0,67974134.0,68470129.0,68565414.0,68726344.0,0.23165282252805164,0.0004825364895417424,-0.47155584210899987,-0.6563732021948232,0.00017065314874037233,0.00012210527021940434,0.2299747383271324,0.0004790410136367641,-0.4681399095947373,-0.6516184597811989,0.0001694169438471483,0.00012122074430442507,0.22965514362678538,0.00047837529282620535,-0.46748933799189196,-0.6507129089893631,0.00016918150599951165,0.0001210522844651678,0.22911738182959362,0.0004772551265057836,-0.4663946622855422,-0.6491891959217269,0.00016878534961789905,0.00012076882774384159
14,DC,2022,289713.0,1365.0,95376.0,190155.0,168.0,2649.0,14758458.0,14718814.0,14760878.0,14937384.0,1.963030284058131,0.009248933730068546,0.6462463761458006,1.2884476142426262,0.001138330305239206,0.017949029634396766,1.9683175560204782,0.009273845025828847,0.6479869913431884,1.2919179493673878,0.0011413963108712428,0.01799737397320192,1.962708451353639,0.009247417396173858,0.6461404260640864,1.2882363772669891,0.0011381436795290904,0.01794608694686048,1.939516316913323,0.00913814627782214,0.6385053768451022,1.2730140699335306,0.0011246949265011866,0.017734028930366925
15,DC,2023,206506.0,4282.0,-6856.0,-28570.0,69.0,1074.0,12745941.0,12711703.0,12748031.0,12900468.0,1.6201706880645377,0.033595008795349046,-0.05378967312025059,-0.224149790117497,0.000541348810574284,0.008426211921112767,1.6245344939226476,0.03368549438261734,-0.05393455149164514,-0.2247535204370335,0.0005428068922000459,0.00844890727859202,1.6199050661235448,0.03358950099823259,-0.053780854470780626,-0.2241130414571474,0.000541260058121917,0.008424830469897664,1.6007636312108986,0.03319259425316973,-0.053145358757527246,-0.2214648336789022,0.0005348643165503763,0.008325279361958031
16,DE,2022,215824.0,804.0,74346.0,140333.0,117.0,224.0,21820964.0,22107382.0,22428098.0,22701580.0,0.9890672107795053,0.0036845301609956366,0.34070905391714135,0.6431109093072148,0.0005361816279060815,0.0010265357662475408,0.9762530904835316,0.003636794261753834,0.3362949081894907,0.634778916834205,0.000529234985852237,0.001013236212229924,0.9622929238136911,0.0035847890445279847,0.3314859779906437,0.6257017425195841,0.0005216670624499679,0.0009987471964854086,0.9507003477291008,0.003541603712164528,0.32749262386142286,0.6181640220636626,0.0005153826297552857,0.0009867154620955899
17,DE,2023,48713.0,190.0,-62142.0,-103892.0,59.0,15.0,18845378.0,19092739.0,19369721.0,19605910.0,0.25848778411343093,0.0010082047704216917,-0.32974663601865667,-0.551286368466581,0.0003130741129204201,7.959511345434409e-05,0.25513887766443566,0.000995142708440104,-0.32547451677834177,-0.5441440329750488,0.00030901799893666383,7.856389803474504e-05,0.25149045770974193,0.0009809124251195977,-0.3208203153778002,-0.536362914055396,0.00030459912148450666,7.744045461470508e-05,0.248460795749853,0.0009690955431295971,-0.3169554486376812,-0.5299014429832637,0.0003009296686560328,7.650754287865241e-05
18,FL,2022,2555857.0,12392.0,982256.0,1540404.0,2704.0,18101.0,475008578.0,480275576.0,489401462.0,497435972.0,0.538065440999257,0.0026087949931716814,0.20678700248651088,0.32428972261633554,0.0005692528777869776,0.0038106680254519527,0.5321646837189988,0.0025801853392603082,0.20451924875730096,0.3207333616315313,0.0005630100998515069,0.0037688778910547806,0.5222413904435782,0.0025320725339394263,0.20070557124735355,0.3147526355366711,0.0005525116310339098,0.003698599494580178,0.513806227105747,0.002491174884312548,0.19746380545233266,0.30966879894242955,0.0005435875473838872,0.0036388602792883666
19,FL,2023,772666.0,7675.0,-733153.0,-974723.0,1086.0,20921.0,410234681.0,414783452.0,422664899.0,429603794.0,0.18834731332722207,0.0018708803412942068,-0.17871550942812658,-0.2376013158185424,0.0002647265212567438,0.005099763859311544,0.18628178059523937,0.0018503631142931902,-0.17675560499457918,-0.234995633335922,0.0002618233670517791,0.005043836705423822,0.18280817778530506,0.0018158593292602707,-0.1734596371107694,-0.23061366162795555,0.00025694113766471064,0.004949784107811612,0.17985548796154255,0.001786529846149357,-0.17065794349106703,-0.22688882491573156,0.0002527910635724041,0.004869835949353836
20,GA,2022,1364395.0,3521.0,456823.0,893919.0,1673.0,8459.0,236112580.0,237388470.0,240089300.0,242642994.0,0.5778578168092526,0.0014912377815701307,0.19347677281744158,0.3785986329063873,0.0007085602978037002,0.0035826130060499107,0.5747520088064935,0.0014832228372338387,0.1924368946815319,0.37656378172031696,0.0007047520041727384,0.0035633575632380123,0.5682864667438324,0.0014665376591126717,0.19027211958217213,0.372327713063431,0.0006968240567155637,0.0035232723824010484,0.5623055409545433,0.0014511030967578648,0.1882696023772275,0.3684091534083197,0.0006894903382209337,0.003486191734017262
21,GA,2023,295688.0,1661.0,-320133.0,-522529.0,769.0,4778.0,203915410.0,205017315.0,207349850.0,209555313.0,0.14500522545108288,0.0008145534464511535,-0.15699303941766835,-0.256247921625933,0.00037711715853156955,0.002343128457040103,0.14422586697128484,0.0008101754722521852,-0.15614925012553207,-0.2548706678750524,0.0003750902698145276,0.0023305348623846723,0.14260343086816796,0.0008010615874571407,-0.15439268463420638,-0.2520035582374427,0.00037087077709484716,0.0023043180402590115,0.14110260234728575,0.0007926308220111795,-0.15276778021848578,-0.24935134906362405,0.00036696755094918547,0.002280066265845524
22,HI,2022,328817.0,329.0,143426.0,184230.0,306.0,526.0,31925982.0,31828390.0,31666778.0,31573036.0,1.029935430020602,0.0010305086308699917,0.449245382647901,0.5770535108364091,0.0009584669940614513,0.0016475609113605339,1.0330934112595704,0.0010336683696536332,0.45062285588432216,0.5788228685145557,0.0009614058392523153,0.0016526126517866597,1.0383658230085802,0.001038943715713673,0.45292261814574253,0.5817769019633131,0.0009663123921227477,0.0016610467916881218,1.0414487856030064,0.0010420283941018533,0.4542673691563903,0.5835042281014724,0.0009691814243014197,0.0016659785267403489
23,HI,2023,78941.0,62.0,-117625.0,-136403.0,61.0,175.0,27572439.0,27488155.0,27348581.0,27267622.0,0.28630401539740463,0.0002248622256449638,-0.4266035369594978,-0.49470777684919354,0.00022123541555391598,0.0006346917659333655,0.2871818788856509,0.00022555169672173344,-0.4279115859176434,-0.49622464657959037,0.0002219137661294474,0.0006366378536500541,0.2886475170320537,0.00022670280406870104,-0.4300954407835639,-0.4987571384416617,0.00022304630722888328,0.0006398869469681078,0.28950452665069215,0.0002273758965853348,-0.4313724167072581,-0.5002379745472487,0.00022370854341460358,0.0006417868048779611
24,IA,2022,671027.0,745.0,204703.0,463637.0,566.0,1376.0,70199888.0,70354768.0,70393246.0,70554088.0,0.9558804424303355,0.0010612552544243376,0.29160018033077206,0.6604526206651498,0.0008062690926230537,0.0019601170873662934,0.9537761534513198,0.001058918991815878,0.29095824749219557,0.6589986907497158,0.0008044941602252174,0.001955802057367313,0.9532548051555969,0.0010583401708737796,0.2907992053669467,0.6586384722193376,0.0008040544116973949,0.00195473298674137,0.9510816722625626,0.0010559274751025056,0.29013627105491036,0.6571369755357054,0.0008022214106147897,0.0019502767862295944
25,IA,2023,116575.0,304.0,-161166.0,-366317.0,215.0,762.0,60627176.0,60760936.0,60794167.0,60933076.0,0.19228175826629298,0.0005014253014192843,-0.265831283317567,-0.6042125399342368,0.0003546264467274544,0.0012568621042154428,0.1918584664331043,0.0005003214565358242,-0.26524607850017323,-0.6028824177428735,0.00035384576695790207,0.0012540952298694017,0.1917535937288194,0.0005000479733524436,-0.2651010910306576,-0.6025528732057469,0.00035365234957491896,0.00125340972267948,0.19131645348086482,0.0004989080150819893,-0.2644967406536312,-0.6011792347394377,0.0003528461290875911,0.001250552327277881
26,ID,2022,228697.0,1085.0,100907.0,125309.0,393.0,1003.0,40685458.0,41899814.0,42657912.0,43223972.0,0.562109931268317,0.0026668005064610554,0.2480173628621804,0.30799456651071744,0.0009659470958886588,0.0024652542930695288,0.5458186520827992,0.0025895103018834403,0.240829231366039,0.2990681533813014,0.0009379516577328958,0.0023938053758424797,0.5361185985849471,0.002543490642486205,0.23654931821323086,0.29375324324359803,0.0009212827857115933,0.0023512636999204273,0.5290976035242666,0.002510181155956699,0.23345147456601167,0.2899062584993346,0.0009092176905907674,0.0023204716123728752
27,ID,2023,56981.0,684.0,-75540.0,-121124.0,174.0,725.0,35137441.0,36186203.0,36840924.0,37329794.0,0.16216604959934333,0.0019466414756840146,-0.21498435244615566,-0.34471491535197457,0.000495198270130144,0.002063326125542267,0.15746609280890841,0.001890223188102935,-0.20875359594926274,-0.33472425940903494,0.0004808462496051327,0.002003526040021386,0.15466767337323026,0.0018566309574645848,-0.20504371714455372,-0.3287756843449421,0.00047230085760063996,0.001967920240002667,0.15264214959236044,0.0018323165672974248,-0.20235847001995244,-0.3244700466335282,0.0004661156179967133,0.0019421484083196386
28,IL,2022,2793883.0,5355.0,954590.0,1827399.0,1568.0,4971.0,281387854.0,279187502.0,276815330.0,276093158.0,0.9928939576759414,0.0019030672162558943,0.3392434984062958,0.6494235532994966,0.0005572379822762356,0.0017666007716168161,1.000719222739419,0.00191806580224354,0.3419171679110478,0.6545418354722771,0.0005616297251013765,0.0017805238287493257,1.0092948970709101,0.0019345026881278577,0.34484723082352414,0.6601509388948943,0.0005664426171773073,0.0017957820471864762,1.0119348919178939,0.0019395627326628645,0.34574924163821547,0.6618776840532934,0.0005679242511326558,0.001800479242589561
29,IL,2023,499209.0,1731.0,-756153.0,-1374145.0,481.0,3614.0,243016783.0,241116479.0,239067785.0,238444091.0,0.20542161485200797,0.0007122964836547935,-0.3111525840583611,-0.5654527160784611,0.00019792871671747873,0.0014871400877691644,0.20704059800076957,0.0007179102843485036,-0.3136048614910307,-0.569909201436207,0.000199488646315211,0.0014988606398818555,0.2088148346712628,0.0007240624243872925,-0.3162923017837807,-0.5747930445752029,0.00020119816645308358,0.0015117051425393847,0.2093610279484762,0.0007259563416901785,-0.3171196219746121,-0.5762965205961007,0.00020172443694568216,0.0015156592829972876
30,IN,2022,815827.0,1726.0,266841.0,543241.0,375.0,3644.0,149360156.0,149903556.0,150310028.0,150968378.0,0.5462146142911098,0.0011555960078134895,0.17865608013960566,0.36371212681379367,0.00025107097504638385,0.0024397403548507275,0.5442345877371981,0.0011514069752955026,0.17800845231450013,0.36239367130156674,0.0002501608434158827,0.0024308963024199373,0.5427628554496711,0.0011482933128054503,0.1775270775679717,0.3614136776024019,0.0002494843524345561,0.0024243226140573935,0.5403959496736462,0.001143285781344223,0.17675290914233707,0.3598376078465916,0.0002483963893418793,0.002413750514031488
31,IN,2023,192516.0,1012.0,-194956.0,-383259.0,208.0,4875.0,128992862.0,129462162.0,129813206.0,130381781.0,0.14924546755153012,0.0007845395352186232,-0.15113704508703746,-0.29711644044303787,0.00016124923253505298,0.0037792788875403043,0.14870445312044148,0.0007816955814471876,-0.15058917369231017,-0.2960393941204226,0.000160664704487169,0.0037655790114180234,0.1483023229547231,0.000779581701417959,-0.150181946819802,-0.29523883725666555,0.00016023023112147773,0.003755396041909634,0.14765559921289922,0.0007761820648852771,-0.14952702632586373,-0.29395134585559923,0.00015953149159697396,0.0037390193343040776
32,KS,2022,542826.0,1703.0,171852.0,365519.0,608.0,3144.0,64638728.0,64634812.0,64607752.0,64692012.0,0.8397844710062983,0.002634643429245699,0.26586538027171575,0.565479877636206,0.000940612568984959,0.004863957100145907,0.8398353506466453,0.0026348030531905937,0.26588148813676443,0.5655141381087331,0.0009406695574514861,0.004864251790505711,0.8401871032442051,0.0026359066014245477,0.2659928486600184,0.5657509953294768,0.0009410635429630798,0.004866289110322241,0.8390927770185908,0.002632473387904522,0.2656463985074386,0.5650141164259971,0.0009398378272730179,0.004859950869977579
33,KS,2023,105238.0,653.0,-117095.0,-248944.0,145.0,2393.0,55824356.0,55820974.0,55797604.0,55870374.0,0.18851628131634873,0.00116974031908223,-0.20975611433833646,-0.44594155282328735,0.0002597432561514906,0.004286659392900117,0.188527702866668,0.001169811189607691,-0.20976882273677275,-0.4459685708816188,0.0002597589930981856,0.004286919106785919,0.18860666490267217,0.0011703011476980267,-0.20985668130122578,-0.4461553582121555,0.0002598677893050748,0.004288714619358924,0.18836100864476046,0.0011687768547960678,-0.20958334733896716,-0.44557425013836494,0.0002595293169149002,0.00428312865777487
34,KY,2022,618677.0,1067.0,233944.0,383058.0,331.0,277.0,99179410.0,99167200.0,99254386.0,99575388.0,0.6237958060044922,0.0010758281381185873,0.23587960444612444,0.3862273429535425,0.00033373862578936497,0.000279291840917384,0.6238726111052848,0.0010759605998757653,0.23590864721399818,0.3862748973450899,0.0003337797174872337,0.0002793262288337273,0.6233245954491119,0.001075015465815284,0.23570142280664558,0.3859355897884452,0.00033348652219761856,0.00027908086600827894,0.6213151788070361,0.001071549929587018,0.23494159018491598,0.38469144604287153,0.0003324114589440515,0.0002781811907175295
35,KY,2023,117606.0,812.0,-176050.0,-277471.0,96.0,31.0,85654945.0,85644400.0,85719697.0,85996926.0,0.13730205535710752,0.0009479896344571817,-0.20553395953963896,-0.32394043332816336,0.00011207759225109537,3.619172249774954e-05,0.13731896072597857,0.0009481063560489654,-0.20555926598820237,-0.3239803186197813,0.00011209139184815353,3.619617861763291e-05,0.13719833844023036,0.0009472735303765714,-0.20537870076698944,-0.32369573121566214,0.00011199292969969317,3.616438354885925e-05,0.13675605102442848,0.0009442197968797163,-0.2047166197545247,-0.322652230615778,0.00011163189716804527,3.604780012718129e-05
36,LA,2022,397187.0,990.0,151722.0,243518.0,510.0,447.0,102344484.0,101795034.0,100936506.0,100622478.0,0.3880883311698557,0.0009673213067350068,0.14824638717217042,0.23793954542777312,0.0004983170368028823,0.00043676022637429096,0.39018308103320637,0.0009725425309057808,0.14904656350917866,0.23922385054657969,0.0005010067583454022,0.0004391176881968525,0.39350183173568537,0.0009808146123068695,0.1503142975842655,0.2412585987472164,0.0005052681336126297,0.0004428526582840108,0.39472989325506375,0.000983875590899282,0.15078340646709176,0.2420115314592034,0.0005068450013723574,0.0004442347364969485
37,LA,2023,91378.0,278.0,-107022.0,-165949.0,107.0,197.0,88388418.0,87913893.0,87172437.0,86901231.0,0.10338232323606018,0.0003145208459325519,-0.12108147472443731,-0.18774971173259375,0.00012105658458555055,0.00022287988003134076,0.10394034080597478,0.0003162185071249205,-0.12173502542993972,-0.18876311165062387,0.00012171000094376438,0.00022408289893384656,0.10482441829634749,0.00031890814294890024,-0.12277045782257986,-0.19036865976340664,0.00012274522048752635,0.00022598886388824947,0.10515155993590011,0.00031990340850292443,-0.12315360642014381,-0.19096277243759643,0.00012312829032306804,0.00022669414199667667
38,MA,2022,2165585.0,2124.0,903258.0,1259169.0,1060.0,-26.0,153949686.0,153822922.0,153620280.0,154030778.0,1.406683609604764,0.0013796715376217137,0.5867228595711459,0.8179094304875685,0.0006885366430692168,-1.688863464132041e-05,1.4078428441243627,0.001380808511750934,0.5872063722726578,0.8185834618328209,0.0006891040595367184,-1.690255240373083e-05,1.4096999432626993,0.0013826299496394617,0.5879809618886256,0.8196632632097793,0.0006900130633793924,-1.692484872440019e-05,1.4059430382153884,0.0013789451871755137,0.586413969810631,0.8174788288091359,0.000688174151791923,-1.687974334583962e-05
39,MA,2023,414549.0,424.0,-780618.0,-1012589.0,327.0,21.0,132956547.0,132847069.0,132672060.0,133026581.0,0.3117928446201299,0.00031890118205311094,-0.5871226484243758,-0.7615939364008905,0.0002459450154041681,1.5794634016781436e-05,0.3120497901237098,0.000319163985469638,-0.587606490588061,-0.7622215586856493,0.00024614769634097083,1.5807650223732072e-05,0.3124614180257697,0.00031958499777571853,-0.5883816080039761,-0.7632270125299931,0.00024647239215249995,1.5828502248325684e-05,0.31162869622274963,0.0003187332913562591,-0.5868135481885384,-0.7611929829272241,0.00024581553366390737,1.5786318675663777e-05
40,MD,2022,1648779.0,2797.0,548381.0,1090927.0,2759.0,3915.0,135821158.0,135850990.0,135607582.0,135965566.0,1.2139338408526896,0.0020593256906261985,0.4037522636937023,0.8032084367886186,0.0020313477227163683,0.0028824669570259444,1.2136672688215226,0.0020588734760048494,0.40366360230425996,0.803032057403483,0.002030901651876074,0.0028818339858988143,1.2158457334634873,0.002062569038359522,0.4043881558186031,0.8044734548839607,0.0020345470063760887,0.00288700671618789,1.212644530895418,0.0020571384963748835,0.40332344146605476,0.8023553551786781,0.0020291902436533086,0.0028794055106570143
41,MD,2023,307863.0,824.0,-408543.0,-797029.0,604.0,2621.0,117300091.0,117325855.0,117115639.0,117424807.0,0.2624575968999035,0.0007024717482955747,-0.34828873235912494,-0.6794785862527593,0.0005149186116147174,0.0022344398692751228,0.26239996290672674,0.0007023174900366164,-0.34821225040294823,-0.6793293771436825,0.0005148055388132479,0.0022339492007111307,0.26287095611543393,0.0007035781105203208,-0.34883727185231,-0.680548735254734,0.0005157295858668372,0.0022379590141671855,0.2621788426699309,0.0007017256583610992,-0.34791881752890597,-0.6787569171819035,0.0005143717204491552,0.002232066687578205
42,ME,2022,442622.0,717.0,147497.0,292942.0,342.0,1124.0,30019374.0,30333314.0,30565436.0,30705884.0,1.4744544639738324,0.0023884575341244626,0.49133935970816717,0.975843133837501,0.001139264263138865,0.0037442486309008306,1.4591943366293574,0.002363737770294403,0.48625415607407746,0.9657434726716639,0.001127473246081849,0.0037054968672397613,1.4481128291446588,0.0023457869208867166,0.48256141348678944,0.9584093614761457,0.0011189109162388522,0.003677356344597865,1.4414891947093917,0.0023350573460122494,0.48035418879326186,0.9540256193242962,0.0011137930437045878,0.0036605362021168318
43,ME,2023,83956.0,336.0,-117837.0,-234487.0,75.0,771.0,25925823.0,26196953.0,26397422.0,26518718.0,0.32383157132562385,0.0012960051451404262,-0.4545159472854536,-0.904453447823045,0.00028928686275455945,0.0029738689491168708,0.32048001918391045,0.0012825919105935717,-0.4498118540732581,-0.8950926468433181,0.0002862928371860651,0.0029430903662727493,0.318046209209369,0.0012728515686115107,-0.4463958639597458,-0.8882950766934741,0.0002841186537079265,0.002920739760117484,0.3165914732378843,0.001267029575109928,-0.4443540596494899,-0.8842320356511955,0.0002828191015870375,0.0029073803643147457
44,MI,2022,1948319.0,3219.0,732849.0,1209372.0,1369.0,1510.0,221553794.0,220838574.0,220732182.0,220819742.0,0.8793886869750469,0.0014529202781334452,0.330777003078539,0.5458593049415349,0.000617908624033764,0.0006815500528056857,0.882236723734686,0.0014576257859734232,0.3318482757455226,0.5476271550277263,0.00061990981702318,0.0006837573584404688,0.8826619581914883,0.0014583283555816072,0.33200822524374807,0.5478911090545012,0.0006202086109944766,0.0006840869266630092,0.882311962849771,0.0014577500955507865,0.33187657650646113,0.5476738578926517,0.0006199626843147023,0.0006838156707926957
45,MI,2023,369267.0,787.0,-560704.0,-870109.0,637.0,2421.0,191341913.0,190724223.0,190632339.0,190707959.0,0.1929880360295133,0.0004113055982669098,-0.29303773083945284,-0.45474041016826244,0.00033291190101146316,0.001265274273702908,0.1936130577393937,0.0004126376752888908,-0.2939867790154793,-0.4562131575704466,0.0003339900878767769,0.001269372060831518,0.19370637843351438,0.0004128365649439993,-0.2941284794286661,-0.45643305042802834,0.00033415106971960306,0.0012699838929217566,0.19362956949269222,0.0004126728659499733,-0.2940118508635499,-0.45625206444582633,0.00033401857129623,0.0012694803157114172
46,MN,2022,1632619.0,1872.0,466465.0,1161756.0,800.0,1726.0,125632716.0,125795296.0,125714600.0,126234130.0,1.299517396408114,0.0014900577330509992,0.37129261776048844,0.9247240981401691,0.0006367768089961535,0.0013738459654092012,1.2978378778169894,0.00148813195685791,0.37081275280754533,0.9235289688415693,0.0006359538277170555,0.0013720703832995472,1.29867095786806,0.0014890871863729432,0.37105077691851224,0.9241217806046395,0.0006363620454585227,0.0013729511130767629,1.2933261392937077,0.0014829586895398258,0.3695236779466853,0.9203184590411483,0.0006337430297178742,0.0013673005866163138
47,MN,2023,295149.0,803.0,-359075.0,-893986.0,205.0,1298.0,108500982.0,108641392.0,108571700.0,109020385.0,0.27202426610295566,0.0007400854676135558,-0.3309417052096358,-0.8239427731631037,0.00018893838214293767,0.0011963025366904052,0.2716726972717728,0.0007391289684506252,-0.33051399046875246,-0.8228778953789546,0.00018869419493446844,0.0011947564147558052,0.2718470835401859,0.0007396034141493594,-0.3307261468688434,-0.8234060993794885,0.0001888153174353906,0.0011955233269811561,0.270728267928975,0.0007365594975655242,-0.32936500820465825,-0.8200172839235526,0.00018803822789655348,0.00119060302346208
48,MO,2022,1001872.0,1503.0,344334.0,655087.0,781.0,167.0,135397372.0,135748646.0,135897696.0,136315432.0,0.7399493691797799,0.001110065858589929,0.2543136509326045,0.48382549108855677,0.000576820649074341,0.00012334065095443656,0.7380346173029232,0.0011071933638292053,0.25365556868979744,0.48257350574237035,0.0005753280220562937,0.0001230214848699117,0.7372251550166089,0.0011059790152733715,0.25337736410189027,0.48204422832893357,0.0005746970132591505,0.00012288655725259682,0.7349659428141636,0.0011025897640114582,0.2526008940792558,0.4805670131317194,0.000572935865397837,0.00012250997377905094
49,MO,2023,170202.0,434.0,-275385.0,-483365.0,300.0,95.0,116934094.0,117237467.0,117366192.0,117726964.0,0.14555378519459003,0.00037114923898927204,-0.2355044543296329,-0.41336532696785594,0.00025655477349488846,8.124234494004802e-05,0.14517713863606418,0.00037018882368040245,-0.23489504426089317,-0.41229566994994865,0.00025589089194497864,8.103211578257657e-05,0.14501791112043577,0.0003697828076419145,-0.2346374158582226,-0.4118434719258848,0.0002556102356971759,8.09432413041057e-05,0.14457350654179785,0.00036864961539312266,-0.23391837404385965,-0.410581385586398,0.0002548269230828037,8.069519230955451e-05
50,MS,2022,239516.0,1080.0,97849.0,139590.0,205.0,792.0,65084998.0,64890804.0,64656416.0,64673180.0,0.3680049279559016,0.0016593685690825402,0.15034032881125695,0.21447338755391834,0.00031497273764992666,0.0012168702839938628,0.3691062295976484,0.0016643344409787248,0.15079024140308078,0.21511522649650017,0.000315915333704295,0.001220511923384398,0.37044428815850233,0.0016703678719216357,0.15133687583301864,0.21589504744587143,0.0003170605682814216,0.0012249364394091996,0.3703482649221826,0.001669934894186431,0.15129764764930378,0.21583908507359617,0.00031697838269279476,0.0012246189224033826
51,MS,2023,59425.0,340.0,-63734.0,-82276.0,111.0,225.0,56209771.0,56042058.0,55839632.0,55854110.0,0.10572005354727383,0.0006048770417513353,-0.1133859805264106,-0.14637312790333196,0.000197474563630583,0.00040028627762956015,0.10603643427941209,0.0006066872133782096,-0.11372530252190238,-0.14681116814089873,0.00019806553142641552,0.0004014841853238152,0.1064208302805434,0.0006088865342092513,-0.11413757168027182,-0.1473433779076481,0.0001987835449918438,0.0004029396182267104,0.10639324483014767,0.0006087287041186405,-0.1141079859655807,-0.1473051848825449,0.00019873201810932087,0.000402835171843218
52,MT,2022,172192.0,531.0,61363.0,109969.0,166.0,163.0,23918642.0,24340052.0,24703316.0,24921864.0,0.719907091715324,0.0022200257021280723,0.2565488458751128,0.4597627239874237,0.0006940193343752542,0.0006814768162841352,0.7074430243616571,0.0021815894230628593,0.25210710314012474,0.45180265021619515,0.0006820034731232292,0.0006696781091511227,0.6970400249100162,0.0021495089970917265,0.24839985044922716,0.4451588604541997,0.0006719745640625737,0.0006598304454349368,0.6909274522965055,0.0021306592476389406,0.24622155068336782,0.44125511639097303,0.0006660817986969194,0.0006540441758289027
53,MT,2023,39490.0,60.0,-48306.0,-85340.0,74.0,23.0,20657009.0,21020954.0,21334682.0,21523428.0,0.19116998012635808,0.00029045831368907277,-0.2338479883510725,-0.4131285415037579,0.00035823192021652313,0.00011134235358081123,0.18786017038046893,0.00028542948145930956,-0.22979927552289015,-0.40597586579562467,0.0003520296937998152,0.000109414634559402,0.1850976733564625,0.00028123222085053813,-0.22642006100676823,-0.40000596212308204,0.0003468530723823303,0.00010780568465937295,0.18347449114518374,0.0002787660032593321,-0.22443450922408828,-0.3964981786358567,0.00034381140401984294,0.00010686030124941065
54,NC,2022,1755676.0,3075.0,637380.0,1113582.0,1393.0,246.0,229983864.0,232476200.0,235311230.0,238380802.0,0.7633909481579978,0.0013370503245392902,0.27714118239182206,0.4842000567483291,0.0006056946673441403,0.00010696402596314323,0.7552067695531844,0.0013227160457715671,0.27417000105817285,0.47900903404305467,0.0005992011225235099,0.00010581728366172537,0.746108037427708,0.0013067799611603747,0.27086680053476414,0.4732379325882577,0.0005919819466329762,0.00010454239689282997,0.7365005844724023,0.001289952871288687,0.2673789141795068,0.4671441620537882,0.000584359138115493,0.00010319622970309497
55,NC,2023,223655.0,1579.0,-520772.0,-867199.0,292.0,256.0,198622428.0,200774900.0,203223335.0,205874329.0,0.11260309434944578,0.0007949756811954791,-0.26219194138539076,-0.43660678641991024,0.0001470126022223432,0.00012888776085246526,0.11139589659862861,0.0007864528882843424,-0.25938102820621506,-0.431926002702529,0.00014543650625650916,0.00012750597808789844,0.11005379869393445,0.0007769777028804295,-0.2562560052466416,-0.42672215766954125,0.00014368428704311935,0.00012596978590081694,0.10863666251463532,0.0007669727487004948,-0.2529562585726752,-0.4212273595315519,0.0001418340991897052,0.0001243477033991936
56,ND,2022,144715.0,165.0,33828.0,110583.0,166.0,-27.0,17150386.0,17115604.0,17136064.0,17246372.0,0.8438002503267273,0.0009620774716090939,0.19724337399752984,0.6447843214724146,0.0009679082441643005,-0.00015743085899057899,0.8455150049042968,0.0009640325868721898,0.1976442081740148,0.6460946397217416,0.0009698752086108092,-0.00015775078694272196,0.844505482705947,0.0009628815578653302,0.19740822629980842,0.6453232200813442,0.0009687172036705746,-0.0001575624367415995,0.8391040156155741,0.0009567229559932953,0.19614560094146177,0.6411957251067065,0.0009625212769387092,-0.00015655466552617558
57,ND,2023,26270.0,17.0,-26603.0,-76973.0,47.0,17.0,14811697.0,14781658.0,14799328.0,14894594.0,0.17735982581874313,0.00011477415450775155,-0.17960804896292437,-0.5196771173485387,0.00031731678010966604,0.00011477415450775155,0.17772025303250824,0.00011500739632861213,-0.17997304497235697,-0.5207331951530741,0.00031796162514381,0.00011500739632861213,0.17750805982541912,0.00011487008058744289,-0.1797581619922202,-0.5201114537092495,0.0003175819875064598,0.00011487008058744289,0.17637271616802716,0.00011413537018867383,-0.1786084266546641,-0.5167848146783994,0.000315550729345157,0.00011413537018867383
58,NE,2022,387148.0,701.0,113502.0,270820.0,237.0,1888.0,43192006.0,43213566.0,43297320.0,43524338.0,0.8963417906545021,0.0016229855126432423,0.26278473845368516,0.62701417479892,0.00054871264835442,0.004371179240899346,0.8958945901386616,0.0016221757769307905,0.2626536305751763,0.6267013465169711,0.0005484388860664727,0.0043689983835168795,0.8941615785919313,0.0016190378526892658,0.2621455554292968,0.6254890602928773,0.0005473779901388816,0.004360547026929149,0.8894977334290529,0.0016105931352706616,0.26077823400783257,0.6222265804479323,0.0005445229287576987,0.004337802909259642
59,NE,2023,86588.0,244.0,-70649.0,-193144.0,161.0,1096.0,37302187.0,37320807.0,37393140.0,37589201.0,0.23212580002346778,0.0006541171433192376,-0.18939640187852794,-0.5177819734805361,0.00043161008227211986,0.0029381655290077226,0.23200998842281198,0.0006537907928946982,-0.18930190871810462,-0.5175236430444818,0.0004313947444919935,0.002936699627100775,0.23156119010064413,0.0006525261050556332,-0.18893572457407964,-0.5165225493232182,0.00043056025784408584,0.0029310188981187457,0.23035339325249293,0.000649122603058256,-0.18795025730927348,-0.5138284264142778,0.00042831450447696406,0.002915731036687904
60,NH,2022,219074.0,650.0,68447.0,149568.0,251.0,158.0,30331444.0,30524868.0,30778066.0,30845188.0,0.722266964935794,0.002142990620558652,0.22566350616212005,0.4931120325164869,0.000827524070400341,0.0005209115662281031,0.7176902452125264,0.0021294113376673736,0.22423356589125953,0.4899873768495903,0.0008222803780838627,0.0005176107559253,0.7117861141762448,0.00211189358031788,0.222388892141566,0.48595646003228404,0.0008155158287073658,0.0005133525933695769,0.7102372013423942,0.002107297903322878,0.22190495321344775,0.4848989735449173,0.0008137411903600653,0.0005122354903461765
61,NH,2023,76996.0,1031.0,-54696.0,-209143.0,79.0,216.0,26195338.0,26362386.0,26581057.0,26639026.0,0.29393016421471635,0.003935814838502943,-0.20880051251867793,-0.7983977912405635,0.0003015803804478492,0.0008245742047688027,0.2920676451668677,0.003910875138540192,-0.20747742636042124,-0.7933386606204764,0.0002996693850093842,0.0008193492045826201,0.28966492942699756,0.00387870203957653,-0.2057705982121027,-0.7868122023890924,0.00029720413300343923,0.0008126087687182642,0.2890345915800375,0.0038702616229287063,-0.20532282223832057,-0.7851000258042468,0.0002965573891477864,0.0008108404564040742
62,NJ,2022,1578628.0,3632.0,600937.0,976261.0,1362.0,-3564.0,203992624.0,203921850.0,203737974.0,204398502.0,0.7738652354410619,0.0017804565325852176,0.2945876121481726,0.47857661755456415,0.0006676711997194566,-0.001747121993979547,0.7741338164595898,0.001781074465536675,0.29468985300005857,0.47874271442712,0.0006679029245762532,-0.0017477283577017372,0.7748324816462541,0.0017826819069085276,0.29495581417728245,0.4791747855507781,0.0006685057150906978,-0.0017493057038056145,0.7723285564979336,0.0017769210461239097,0.29400264391370146,0.47762629884635854,0.0006663453922964661,-0.0017436527005466997
63,NJ,2023,322226.0,1488.0,-470083.0,-719749.0,535.0,21.0,176175448.0,176114325.0,175955523.0,176525979.0,0.18290062756077113,0.0008446125818848492,-0.2668266238778062,-0.40854103575204187,0.00030367455061048004,1.1919935631439404e-05,0.18296410584431447,0.0008449057167836859,-0.26691922988093103,-0.40868282577240667,0.00030377994521456445,1.1924072615898791e-05,0.18312923317559063,0.0008456682544713302,-0.2671601277329612,-0.4090516669942779,0.00030405411031059253,1.1934834236490548e-05,0.1825374382996624,0.0008429354185878782,-0.2662967811666973,-0.4077297880330691,0.0003030715382691632,1.1896265988135378e-05
64,NM,2022,508717.0,923.0,200450.0,301190.0,2773.0,3381.0,46606736.0,46572900.0,46496472.0,46516162.0,1.09150960496354,0.001980400429671797,0.43008804564215786,0.6462370589521652,0.005949783739414835,0.007254316200130385,1.0923026051630884,0.001981839224098134,0.4304005118856674,0.6467065611117195,0.005954106357989303,0.007259586583614076,1.0940980640423643,0.001985096847778042,0.43110797739665063,0.6477695770122086,0.005963893346574768,0.007271519439152287,1.0936349391852234,0.001984256568716912,0.43092549209025455,0.6474953802078511,0.0059613688678786525,0.007268441450522079
65,NM,2023,101307.0,643.0,-156104.0,-223089.0,77.0,3694.0,40251272.0,40222050.0,40156044.0,40173049.0,0.25168645602057,0.0015974650440860603,-0.3878237686500938,-0.5542408697046891,0.0001912983023244582,0.009177349724500633,0.2518693104901416,0.0015986256294743802,-0.3881055291811332,-0.5546435350759099,0.00019143728377842502,0.009184017224383143,0.25228331754990607,0.0016012533505541532,-0.3887434728381112,-0.5555552235175357,0.0001917519564427213,0.009199113338953409,0.2521765276018756,0.001600575550041024,-0.38857892016112594,-0.5553200604713872,0.00019167078904068247,0.009195219411899755
66,NV,2022,420280.0,651.0,138033.0,281138.0,456.0,2.0,68548480.0,69225904.0,69903262.0,70271872.0,0.6131135219920266,0.000949692830533952,0.20136551532579572,0.41013017356475295,0.0006652226278394503,2.9176431045589925e-06,0.6071137763690309,0.0009403994204250477,0.19939501259528514,0.40611676230331345,0.0006587129580857478,2.8890919214287183e-06,0.6012308839035294,0.0009312870120424424,0.19746288806951526,0.4021815176522091,0.0006523300729513882,2.861096811190299e-06,0.5980771367525259,0.000926401960659309,0.19642709959398832,0.4000718808230981,0.0006489082858074423,2.846088972839659e-06
67,NV,2023,84830.0,120.0,-114310.0,-217061.0,224.0,106.0,59200960.0,59786008.0,60370999.0,60689344.0,0.14329159527142804,0.00020269941568515105,-0.19308808505808014,-0.3666511489002881,0.00037837224261228196,0.00017905115052188343,0.14188938656014632,0.0002007158598045215,-0.1911985827854571,-0.3630632103752437,0.0003746696049684401,0.00017729900949399398,0.14051448775926334,0.00019877093635637866,-0.18934588112414705,-0.3595451518037659,0.0003710390811985735,0.0001755809937814678,0.13977742122241427,0.00019772828653412367,-0.18835267028096397,-0.35765916336152853,0.0003690928015303642,0.00017465998643847593
68,NY,2022,3712235.0,11252.0,1273252.0,2413463.0,2721.0,11547.0,442303620.0,436799572.0,432810400.0,430566752.0,0.8392956404019483,0.002543953856855162,0.2878683199563232,0.545657528192964,0.0006151882727073317,0.0026106501230986987,0.8498714829326801,0.002576009850119542,0.291495706868504,0.5525332794968948,0.0006229401708296546,0.0026435465463322387,0.857704666985821,0.0025997526861646575,0.2941823948777571,0.5576259258095462,0.0006286817507157869,0.002667911861637336,0.8621740955976089,0.0026132997840019006,0.2957153551884099,0.5605316687341432,0.0006319577597110889,0.002681814131342868
69,NY,2023,758528.0,3977.0,-987688.0,-1786556.0,1279.0,9762.0,381989490.0,377235994.0,373790800.0,371853104.0,0.19857300262371094,0.001041128121090452,-0.2585641819621791,-0.46769768456194954,0.000334825966023306,0.0025555676937603702,0.20107519220448514,0.0010542472254118996,-0.2618223116853478,-0.4735910751931058,0.00033904505941710324,0.002587770031297703,0.20292848299102068,0.0010639641211073146,-0.26423550285346775,-0.47795611877017835,0.0003421700052542759,0.0026116212598062873,0.20398592665774817,0.0010695083508029557,-0.2656124123680839,-0.48044670887028545,0.0003439530250633594,0.002625230203806501
70,OH,2022,2108780.0,5703.0,706465.0,1393198.0,1432.0,1982.0,259562424.0,258834994.0,258713334.0,259290570.0,0.8124365489821438,0.0021971593238010443,0.2721753746605479,0.5367487244609798,0.0005516977295604237,0.0007635928072547204,0.8147198210764345,0.002203334221492477,0.2729402964732041,0.538257203351723,0.0005532482211427717,0.0007657388088721883,0.8151029432445102,0.002204370339875872,0.2730686467053144,0.5385103189153753,0.0005535083862357091,0.0007660988977089214,0.8132883505944701,0.002199462942289031,0.2724607377738419,0.537311480321093,0.0005522761587511648,0.000764393398494978
71,OH,2023,387709.0,2237.0,-532410.0,-1020658.0,513.0,1981.0,224167548.0,223539313.0,223434243.0,223932765.0,0.17295500774269074,0.0009979142922150355,-0.23750538592678008,-0.45531032886169587,0.00022884668390984051,0.0008837139977103198,0.17344108058523022,0.0010007188310541151,-0.2381728711853024,-0.4565899332436438,0.00022948983474776986,0.0008861975879831034,0.17352264129003717,0.0010011894192959493,-0.23828487202832202,-0.45680464475626503,0.00022959775239106927,0.0008866143225861757,0.17313634295544023,0.0009989605585408639,-0.23775439918316552,-0.4557877003840863,0.00022908661892331834,0.0008846405303841982
72,OK,2022,533029.0,1758.0,199875.0,325218.0,670.0,5508.0,87235148.0,87815948.0,88423962.0,89184128.0,0.6110255008680675,0.0020152427551335156,0.22912209652008617,0.37280615377645715,0.0007680390477471305,0.006313968768643575,0.6069842803496239,0.0020019142764364397,0.22760672127573,0.3703404761968748,0.000762959365877369,0.006272209234705295,0.6028105820456224,0.00198814886851598,0.2260416695646368,0.36779396969341865,0.0007577131637688888,0.006229080755282149,0.597672491679237,0.0019712027682773333,0.22411499050593395,0.36465905682230815,0.0007512547524151383,0.00617598683030236
73,OK,2023,112914.0,655.0,-148019.0,-230075.0,318.0,3959.0,75339446.0,75841046.0,76366149.0,77022656.0,0.14987367971885537,0.0008693984821709467,-0.1964694563854372,-0.3053845126495886,0.00042208964477917716,0.005254883344908058,0.14888244025537306,0.000863648425946024,-0.19517004024443438,-0.3033647505336358,0.0004192980144287567,0.005220128424916502,0.14785870634906573,0.0008577098735200069,-0.1938280271275693,-0.30127877732842073,0.00041641486989215596,0.005184234182085049,0.14659842423507183,0.0008503991345092021,-0.19217592288689708,-0.29871081049191556,0.0004128655340059943,0.005140046066445696
74,OR,2022,977766.0,1362.0,272406.0,698542.0,914.0,4542.0,93390968.0,93642230.0,93266338.0,93133876.0,1.0469599158668106,0.0014583851406273034,0.29168345272960444,0.7479759712952113,0.0009786813645619348,0.00486342533680559,1.0441506999566328,0.0014544719834203009,0.29090080404962587,0.7459689928358177,0.0009760553545125955,0.004850375733256246,1.048358948112662,0.0014603339524277238,0.29207322367476246,0.7489754770901372,0.0009799891575028924,0.00486992423783166,1.049850003021457,0.0014624109491588216,0.29248863217074744,0.7500407263196047,0.0009813829717556263,0.0048768506101904315
75,OR,2023,232505.0,634.0,-202581.0,-548611.0,387.0,1923.0,80655836.0,80872835.0,80548201.0,80433802.0,0.28826804299691344,0.0007860559526033554,-0.251167193902745,-0.6801876060152671,0.0004798164884187674,0.002384204411445193,0.28749455858694706,0.0007839467974629554,-0.250493258954011,-0.6783625181434532,0.0004785290388299112,0.002377807084418396,0.28865324999623515,0.0007871063439393264,-0.2515028237564238,-0.6810965275313846,0.0004804576578935636,0.0023873903775951492,0.2890637943485501,0.0007882258257542021,-0.25186052997967195,-0.6820652342158338,0.00048114100089412655,0.0023907859036677143
76,PA,2022,2746318.0,6193.0,956946.0,1780886.0,1860.0,433.0,285900494.0,286299508.0,285386002.0,285157026.0,0.9605852587299133,0.0021661382648747716,0.3347129578586877,0.622904135310798,0.0006505760007536049,0.0001514512947990919,0.9592464965046325,0.0021631193302644445,0.33424647030828986,0.622035997351417,0.0006496692966723505,0.0001512402179887784,0.9623169954916009,0.0021700433646356628,0.33531637616900356,0.6240271027728963,0.0006517488548720059,0.00015172433019332182,0.9630897188554631,0.002171785870708302,0.33558562923152385,0.6245281853935452,0.0006522721975645798,0.0001518461621212167
77,PA,2023,660531.0,5849.0,-624226.0,-1229092.0,574.0,35.0,246914063.0,247258666.0,246469729.0,246271977.0,0.26751453196896285,0.0023688403685617533,-0.2528110357165035,-0.49778128676291716,0.00023246954548716814,1.4174972285802936e-05,0.26714169848348207,0.002365538929179534,-0.2524586944103306,-0.4970875318076819,0.00023214555400052187,1.4155216707348895e-05,0.2679968054007963,0.0023731108983367282,-0.2532668017823803,-0.49867868357984035,0.0002328886400487745,1.420052683224235e-05,0.2682120020500749,0.0023750164640128748,-0.25347017050177817,-0.4990791136581488,0.0002330756454681809,1.4211929601718348e-05
78,PW,2022,1919.0,8.0,845.0,1014.0,0.0,52.0,0.0,0.0,0.0,0.0,inf,inf,inf,inf,,inf,inf,inf,inf,inf,,inf,inf,inf,inf,inf,,inf,inf,inf,inf,inf,,inf
79,PW,2023,718.0,0.0,-638.0,-693.0,0.0,38.0,0.0,0.0,0.0,0.0,inf,,-inf,-inf,,inf,inf,,-inf,-inf,,inf,inf,,-inf,-inf,,inf,inf,,-inf,-inf,,inf
80,RI,2022,284605.0,693.0,121433.0,161659.0,288.0,532.0,24121768.0,24136024.0,24064524.0,24111164.0,1.179867910179718,0.00287292374257144,0.5034166649807759,0.6701789023093165,0.0011939423345751438,0.0022054768124790854,1.1791710183914303,0.0028712268433276336,0.5031193207298766,0.6697830595461788,0.001193237129694601,0.0022041741423525266,1.1826745461493442,0.002879757771232043,0.5046141781154698,0.6717731046747486,0.0011967824503821478,0.002210723137511467,1.180386811686072,0.002874187243718304,0.5036380657524456,0.6704736444909918,0.0011944674259608537,0.0022064467729554656
81,RI,2023,61680.0,286.0,-93110.0,-112837.0,88.0,475.0,20832436.0,20844748.0,20782998.0,20823278.0,0.2960767526178888,0.0013728591317885245,-0.4469472509119912,-0.5416409295581179,0.00042241819439646906,0.0022800982083900317,0.2959018741795295,0.0013720482492760287,-0.44668326045486373,-0.541321008054403,0.0004221686920849319,0.0022787514629584392,0.2967810515114326,0.0013761248497449695,-0.4480104362229165,-0.5429293694778781,0.0004234230306907598,0.0022855220406603513,0.2962069660694152,0.0013734629101143441,-0.4471438166459671,-0.5418791412187841,0.0004226039723428751,0.002281100987078019
82,SC,2022,688434.0,1178.0,281281.0,404590.0,552.0,833.0,112907322.0,114264656.0,116225010.0,118218210.0,0.6097337070841163,0.0010433335758331067,0.2491255615822683,0.3583381421445812,0.000488896548268145,0.000737773233165516,0.6024907649483494,0.0010309399609972135,0.24616623359020132,0.35408149305591047,0.0004830890139817163,0.0007290093272586407,0.5923286218689076,0.0010135512141491749,0.24201417577851791,0.348109240859605,0.0004749408066301737,0.0007167132100053164,0.5823417559782034,0.000996462389339172,0.2379337328826075,0.342239998389419,0.00046693313999594485,0.0007046291768417066
83,SC,2023,143752.0,372.0,-209281.0,-274748.0,243.0,178.0,97510869.0,98683112.0,100376145.0,102097545.0,0.14742151462110342,0.0003814959335456235,-0.2146232539472087,-0.28176141061772303,0.0002492029888483508,0.00018254375314817468,0.14567031489643334,0.00037696419626490903,-0.2120737740820334,-0.27841440590158933,0.0002462427411085293,0.00018037534122353175,0.14321331029399467,0.000370605984121028,-0.20849674990008832,-0.27371842184216183,0.00024208939285325215,0.0001773329708966209,0.14079868423868566,0.0003643574387611377,-0.20498142242303669,-0.26910343436759426,0.0002380076817713883,0.0001743430755362433
84,SD,2022,169329.0,366.0,48952.0,119963.0,63.0,-15.0,19532744.0,19718578.0,20017118.0,20224996.0,0.8668981685317741,0.0018737766695759695,0.25061506975159253,0.6141635809080382,0.0003225353283696341,-7.679412580229383e-05,0.8587282510939683,0.001856117616594868,0.24825319553975952,0.6083755126764212,0.00031949565531551007,-7.607039412274049e-05,0.8459209762364392,0.0018284350424471693,0.24455068906522906,0.5993020573690977,0.0003147306220605784,-7.49358623953758e-05,0.8372263707740659,0.0018096418906584704,0.2420371306871952,0.5931422681121914,0.00031149573527727766,-7.416565125649469e-05
85,SD,2023,32520.0,35.0,-37299.0,-85383.0,56.0,127.0,16869188.0,17029681.0,17287511.0,17467042.0,0.19277750654032666,0.00020747886620268858,-0.22110726372840234,-0.5061476580852617,0.0003319661859243018,0.00075285188593547,0.1909607114778016,0.0002055235209631936,-0.21902348024017598,-0.5013775654400103,0.0003288376335411098,0.0007457567760664454,0.18811267856893918,0.00020245829489276971,-0.21575691260586907,-0.49389990265226735,0.0003239332718284315,0.0007346343843251929,0.1861792053857774,0.00020037737357017863,-0.2135393044798312,-0.4888234653583589,0.0003206037977122858,0.0007270836126689339
86,TN,2022,828337.0,2711.0,301588.0,516102.0,980.0,6956.0,152374002.0,153201598.0,155077472.0,156782758.0,0.5436209518209019,0.0017791749015032105,0.19792615278293996,0.33870738657897825,0.0006431543354751554,0.004565083222005287,0.5406843080057168,0.0017695637874482223,0.19685695445552728,0.336877687137441,0.0006396800116928285,0.004540422613607464,0.5341439922363449,0.0017481584946135824,0.19447570050664742,0.3328026910317444,0.0006319422075696463,0.004485499995769856,0.5283342445092081,0.0017291442213307664,0.19236043800173486,0.32918288119411704,0.0006250687336422543,0.004436712358383184
87,TN,2023,150178.0,734.0,-223332.0,-365278.0,327.0,880.0,131595729.0,132310471.0,133930544.0,135403291.0,0.11412072499708559,0.0005577688619362411,-0.16971067503262208,-0.27757587786150717,0.0002484883077018404,0.0006687147118581637,0.11350424411987771,0.0005547557910212564,-0.16879389689422236,-0.27607641121616144,0.0002471459722942109,0.0006651023107611793,0.11213125513773767,0.0005480452614304321,-0.16675210398607804,-0.2727368896522962,0.0002441564039342661,0.0006570569891808997,0.11091163212569183,0.0005420843131501139,-0.16493838395700441,-0.26977040018916526,0.00024150077711183548,0.0006499103481908723
88,TX,2022,2604480.0,-36658.0,867848.0,1725378.0,5062.0,42850.0,643155942.0,650348292.0,660656656.0,671072622.0,0.404953111666968,-0.005699706339648495,0.13493585977007114,0.2682674429835245,0.000787056399457163,0.006662458853563698,0.400474642901038,-0.005636671988061437,0.13344357333992968,0.26530061218335604,0.0007783521633358883,0.006588777202477838,0.39422595327640203,-0.0055487218159503415,0.131361425351325,0.2611610712357676,0.0007662073717153317,0.006485971133544441,0.38810702666394875,-0.00546259805544563,0.12932251615533794,0.25710749379968,0.0007543147841307703,0.006385299980245655
89,TX,2023,1026258.0,2148.0,-994142.0,-1397488.0,1542.0,14621.0,555452859.0,561664434.0,570567112.0,579562719.0,0.1847605936978353,0.00038671148508752205,-0.1789786448826254,-0.251594348171318,0.00027761131750696417,0.0026322665844807545,0.18271728417826077,0.0003824347546278852,-0.17699927925292133,-0.24881190892710148,0.0002745411506686215,0.0026031557483306837,0.17986630817235044,0.0003764675451535664,-0.1742375224739557,-0.24492964466553407,0.00027025742766610775,0.0025625381646602863,0.1770745367767522,0.00037062425335194826,-0.17153311753994996,-0.24112800119567385,0.000266062662322488,0.002522764063435212
90,UT,2022,618365.0,1854.0,165836.0,448788.0,817.0,1070.0,72247604.0,73464248.0,74387192.0,75190148.0,0.8558968959025963,0.0025661750665115484,0.22953840794498873,0.6211804615693552,0.001130833349158541,0.0014810179725821772,0.8417223572478412,0.0025236765508033243,0.22573701428210358,0.6108930700549743,0.0011121055782126838,0.0014564907817473337,0.8312788577904647,0.0024923645457675023,0.22293622805388325,0.6033135381693128,0.001098307353771332,0.0014384196677298964,0.8224016263407276,0.00246574857120909,0.22055549086031856,0.596870749609377,0.0010865785235586983,0.0014230587762641457
91,UT,2023,121588.0,906.0,-89620.0,-284150.0,334.0,1451.0,62395658.0,63446396.0,64243484.0,64936946.0,0.19486612353699356,0.0014520241136009816,-0.14363178925046355,-0.4554002780129348,0.0005352936577734303,0.0023254823276324774,0.1916389387980367,0.0014279770910864663,-0.1412530981271182,-0.44785837796050704,0.0005264286406433551,0.002286969932854815,0.18926121752674557,0.0014102597549037036,-0.13950052895636855,-0.4423016659557255,0.0005198970840373477,0.0022585948171802137,0.18724009595400437,0.001395199583300391,-0.13801080204788194,-0.4375783240560774,0.0005143451002453981,0.0022344752708265644
92,VA,2022,2031364.0,3981.0,706664.0,1315763.0,1887.0,3069.0,190018246.0,190461656.0,190940178.0,191745356.0,1.0690362861259124,0.00209506196578617,0.3718927076087209,0.6924403459655133,0.0009930625293741529,0.0016151080565178987,1.0665474839723121,0.00209018449361797,0.371026911579515,0.6908282893434466,0.0009907506002152999,0.0016113479555170938,1.0638745712282724,0.0020849462076022577,0.37009706778423557,0.6890969798928333,0.0009882676447489224,0.001607309698852381,1.059407144129217,0.002076191091689334,0.36854295443796825,0.6862033206165369,0.0009841177066108448,0.0016005602764115967
93,VA,2023,381077.0,1223.0,-550075.0,-944954.0,563.0,2021.0,164106667.0,164489612.0,164902881.0,165598262.0,0.2322129910785404,0.0007452469923114092,-0.3351935726048229,-0.575816947156693,0.0003430695475644509,0.001231516084596368,0.23167238062425485,0.0007435119975843824,-0.3344132151032127,-0.5744763991540086,0.0003422708541619029,0.001228649016449744,0.231091778196404,0.0007416486556108137,-0.33357513020042384,-0.5730366833312027,0.00034141307694921354,0.001225569855265294,0.23012137651541295,0.000738534321090882,-0.33217437994608906,-0.5706303849976396,0.0003399794135520577,0.0012204234365696422
94,VT,2022,232768.0,419.0,64858.0,167336.0,137.0,18.0,14144592.0,14236046.0,14236420.0,14244208.0,1.6456324791835637,0.002962262891711546,0.45853567214946883,1.183038718967645,0.0009685680576717944,0.00012725711706636713,1.635060746502224,0.0029432329735377366,0.45558998615205376,1.1754387419090948,0.0009623458648560141,0.00012643960268181206,1.6350177923944362,0.0029431556528958826,0.4555780175072104,1.1754078623698936,0.0009623205834050977,0.0001264362810313267,1.6341238487952436,0.0029415464868246797,0.455328930888962,1.174765209831252,0.000961794436026208,0.00012636715217862588
95,VT,2023,44204.0,223.0,-45712.0,-128622.0,56.0,34.0,12215784.0,12294767.0,12295090.0,12301816.0,0.36185970544338375,0.0018255070652853718,-0.3742043899924884,-1.052916456283117,0.0004584232989057436,0.0002783284314784872,0.3595350769965791,0.0018137797975350002,-0.37180045786959603,-1.0461523996347388,0.0004554783348069955,0.0002765404175613901,0.35952563177658725,0.001813732148361663,-0.3717906904300823,-1.0461249165317212,0.0004554663690953055,0.0002765331526650069,0.35932906166048983,0.001812740492948358,-0.37158741441101056,-1.0455529492556221,0.0004552173435206639,0.0002763819585661174
96,WA,2022,2080061.0,3894.0,649171.0,1420465.0,2372.0,4159.0,169940452.0,170311526.0,171258494.0,171883360.0,1.2239940376291338,0.002291390869079247,0.38199910166179857,0.835860434218452,0.0013957830358130388,0.002447327843990906,1.2213272048305175,0.002286398396782611,0.381166803707695,0.8340392651992327,0.001392741909904559,0.00244199561690264,1.2145739177176227,0.0022737558348492775,0.379059154870298,0.8294274735359988,0.00138504079102786,0.002428492685448933,1.2101584469840478,0.002265489806575808,0.37768112049938984,0.8264121669485633,0.0013800056038001584,0.0024196641257187433
97,WA,2023,430141.0,1504.0,-485271.0,-1123143.0,1161.0,3508.0,146766754.0,147087227.0,147905063.0,148444720.0,0.29307795415302296,0.001024755238505854,-0.3306409570112861,-0.7652570963039763,0.0007910510850434153,0.002390187085557537,0.29243939720204254,0.001022522506322048,-0.3299205579557224,-0.7635897575253084,0.0007893275464361021,0.0023849793565011595,0.2908223635319367,0.0010168685030072298,-0.32809627348591847,-0.7593675140113357,0.0007849629866964054,0.0023717916945142034,0.28976510582525267,0.0010131717719565909,-0.32690350993959233,-0.7566069039033521,0.0007821093266234057,0.0023631692659732187
98,WI,2022,1400548.0,1502.0,477292.0,919373.0,1184.0,1197.0,129727400.0,129359516.0,129591946.0,130041010.0,1.0796084713021303,0.0011578124590487437,0.36791919054879696,0.7086960811671243,0.0009126830569332307,0.0009227040702272612,1.0826787570850218,0.0011611051482289096,0.36896551159019486,0.71071153358366,0.0009152786255013509,0.0009253281374367543,1.0807369155487487,0.0011590226448177574,0.3683037524569621,0.7094368349094781,0.0009136370249428927,0.00092366851254784,1.0770048617739896,0.0011550202509193063,0.3670319078573751,0.7069869728018876,0.0009104820087140203,0.0009204788550934818
99,WI,2023,256191.0,620.0,-383674.0,-714683.0,372.0,914.0,112037300.0,111719582.0,111920317.0,112308145.0,0.2286658104042136,0.0005533871308930151,-0.3424520226745914,-0.6378973788193752,0.00033203227853580906,0.0008157997381229287,0.22931611040220323,0.0005549609020198446,-0.34342591793800303,-0.6397114876423365,0.0003329765412119068,0.0008181197813647386,0.22890481984606958,0.0005539655503298833,-0.34280996541494785,-0.6385641313006646,0.00033237933019793003,0.0008166524403250215,0.22811435448426293,0.0005520525692949518,-0.34162615721237316,-0.6363590102926195,0.0003312315415769711,0.0008138323360251387
100,WV,2022,235065.0,497.0,98518.0,135588.0,209.0,253.0,39414364.0,39275478.0,39028770.0,38941562.0,0.5963942485536491,0.0012609616128779852,0.24995455971330655,0.34400656572816957,0.0005302635353953701,0.0006418979638996585,0.5985032187259439,0.0012654206270895035,0.2508384493754602,0.3452230422249731,0.0005321386540476986,0.0006441678443735299,0.6022864671369352,0.0012734195825284784,0.25242404513388456,0.3474052602733829,0.0005355023998962817,0.0006482397472428673,0.6036352624992289,0.0012762713524434382,0.2529893382294218,0.34818325982917686,0.0005367016351321501,0.000649691453054708
101,WV,2023,35061.0,177.0,-76608.0,-100521.0,66.0,40.0,34039678.0,33919731.0,33706665.0,33631349.0,0.10300038678391729,0.0005199814169805014,-0.2250550078646455,-0.29530537862314676,0.00019389137582323784,0.00011750992474135625,0.10336461689510451,0.0005218201759913721,-0.2258508476968759,-0.29634963791428653,0.00019457701477644383,0.00011792546350087504,0.1040180035610168,0.0005251186968512014,-0.2272784922507166,-0.2982229182270035,0.00019580697170722765,0.00011867089194377433,0.10425094753112639,0.0005262946782182302,-0.22778747293187673,-0.29889077598403796,0.00019624547323391638,0.0001189366504447978
102,WY,2022,73934.0,233.0,28102.0,45087.0,166.0,346.0,12708608.0,12750056.0,12795838.0,12849254.0,0.581763163990895,0.0018334029974014462,0.22112571258787744,0.3547752830207683,0.001306201277118627,0.002722564107729186,0.5798719629153002,0.0018274429539760452,0.22040687507568596,0.35362197624857494,0.0013019550659228477,0.0027137135711403936,0.5777972493868709,0.0018209045785043544,0.21961828525806593,0.35235675850225673,0.0012972968241704841,0.002704004223873419,0.5753952719745442,0.001813334844186285,0.21870530382542053,0.3508919661795152,0.0012919037945704863,0.0026927633308517366
103,WY,2023,9271.0,30.0,-21350.0,-34895.0,38.0,187.0,10975616.0,11011412.0,11050951.0,11097083.0,0.08446906305759969,0.0002733331778371255,-0.1945221115607543,-0.3179320413542165,0.00034622202526035894,0.0017037768085180823,0.08419447024595937,0.00027244462381391236,-0.19388975728090094,-0.31689850493288235,0.0003450965234976223,0.0016982381551067201,0.08389323235620173,0.00027146984906547866,-0.19319604258493228,-0.31576467943799585,0.0003438618088162729,0.0016921620591748166,0.08354447740906326,0.00027034131401918864,-0.1923929018103226,-0.3144520050899863,0.0003424323310909723,0.0016851275240529426
